document_name,normative_sentences
AG Frankenthal 30.6.2017_3a C 278_16.docx,"Den Vorbeifahrenden an parkenden Fahrzeugen trifft indes gemäß § 6 StVO die Verpflichtung, einen ausreichenden Seitenabstand einzuhalten.
Dieser notwendige Mindestabstand richtet sich nach den konkreten Umständen des Einzelfalles."
AG Hamburg-St Georg 20.08.2015_924 C 29_15.docx,"Dabei fällt dem Beklagten zu 1) nach Auffassung des Gerichts grundsätzlich zunächst kein Verstoß gegen seine Wartepflicht nach § 6 S. 1 StVO zur Last.
So gilt, dass jedenfalls dann, wenn trotz einer Engstelle der Platz auf der Fahrbahn ausreicht, dass zwei sich begegnende Fahrzeug gleichzeitig passieren können, beide verlangsamen und sich den freien Raum gleichmäßig teilen müssen."
AG Leverkusen 25.03.2014_20 C 259_13.docx,Deswegen war bei einem Vorbeifahren an der Fahrzeugschlange besondere Vorsicht geboten.
AG Leverkusen 31.10.2018_25 C 35_16.docx,"Gleichwohl ist aber auch beim Vorbeifahren an haltenden Fahrzeugen ein ausreichender Seitenabstand einzuhalten, dessen Größe sich nach den Umständen des Einzelfalls richtet (Burmann/Heß/Hühnermann/Jahnke/Janker/Heß, T-T3, 25. Aufl. 2018, § 6 StVO Rn. 6 m.w.N.)."
AG Moers 9.7.2015_562 C 166_14.docx,"Ein Verstoß der Beklagten zu 1) gegen die Vorschriften des § 2 Abs. 2 in Verbindung mit § 6 StVO (wonach grundsätzlich ein Seitenabstand zwischen 0,5 bis 1,0 Meter je nach Verkehrssituation einzuhalten ist, vgl. Hentschel/König/Dauer, § 2 Rdnr. 41 und § 6 Rdnr. 7) liegt daher nicht vor."
AG Montabaur v. 30.04. 2013 – 5 C 63_13.docx,"es darf also regelmäßig nicht darauf vertraut werden, dass nachfolgende Verkehrsteilnehmer den Ausscherenden zuerst passieren lassen, auch wenn dies deren Pflicht wäre (vgl. Hentschel/König aaO. § 6 StVO Rdn. 6 m.w.Nw. und AmtsG Montabaur Urteil vom 09.02.2012 - 5 C 2/12)."
AG Saarbruecken 24.5.2007_5 C 545_06.docx,"Wer an einem haltenden oder parkenden Fahrzeug vorbeifährt, hat einen ausreichenden Seitenabstand einzuhalten, der zwischen einem Meter und mindestens 50 Zentimetern liegen muss.
Der konkret einzuhaltende Abstand bestimmt sich nach den Umständen des Einzelfalls.
Es kommt insbesondere auf die Verkehrsverhältnisse und die Straßenbreite an.
Der fließende Verkehr muss, wenn ein Fahrzeug nicht erkennbar leer ist, damit rechnen, dass ein Aussteigender die Sorgfaltspflicht nicht beachtet und die Tür zumindest ein Stück weit öffnet (BGH und KG, a.a.O.).
Er muss aber nicht damit rechnen, dass die Tür mit einem Ruck weit geöffnet wird (LG Mainz, VersR 1983, 789).
Dann haftet der Aussteigende grundsätzlich alleine."
AG Solingen 24.04.2020_12 C 39_20.docx,"Die Beklagte zu 1. war nicht gehalten, dem Kläger Vorrang zu gewähren.
Auch unter Berücksichtigung des in ihrer Fahrtrichtung rechts geparkten Fahrzeuges verblieb für sie und den Gegenverkehr eine genügende durch Durchfahrbreite."
BGH 08.09.1967 – 4 StR 81_67.docx,"Da er das auf der Fahrbahn entgegenkommende Fahrzeug des M. schon aus 400 m gesehen hatte, mußte er damit rechnen, daß er dem Hindernis nicht auf die linke Straßenseite ausweichen konnte.
Angesichts der groben Verletzung seiner Sorgfaltspflicht waren sowohl der Unfall wie seine schweren Folgen auch voraussehbar.
Der Angeklagte kann sich nicht auf den Vertrauensgrundsatz berufen.
Darauf, daß Hindernisse in der Fahrbahn beleuchtet sind, darf nach ständiger Rechtsprechung nicht vertraut werden (vgl. Übersicht bei Böhmer MDR 60, 100 u. Möhl DAR 67, 172, 175).
Das muß vor allen gelten für eine Landstraße, die weitgehend auch dem landwirtschaftlichen Verkehr dient und dort besonders in der Zeit der Ernte."
BGH 3.4.1964_4 StR 66_64.docx,"Ein Fahrzeugführer darf an einem auf seiner Fahrbahn abgestellten Fahrzeug nur vorbeifahren, wenn er, soweit es die -Übersichtlichkeit der Straße gestattet, sicher sein kann, daß dadurch kein anderes Fahrzeug gefährdet wird, sonst muß er anhalten und zuerst den Gegenverkehr vorbeilassen (BGHSt 8,200 = VRS 10, 69; VRS 17, 21, 23 Nr4; 26, 86 betreffend Pflichten des Überholenden).
Er darf aber darauf vertrauen daß entgegenkommende Fahrzeuge bei der Begegnung ihre rechte Fahrbahnseite einhalten und erforderlichenfalls rechtzeitig genügend weit ausweichen werden, um die linke Seite seiner Fahrbahn freizuhalten.
Nur wenn er bei Anwendung der gebotenen Sorgfalt erkennen kann, daß das Gegenfahrzeug auf der falschen Seite bleiben oder jedenfalls so nahe der Mittellinie weiterfahren werde, daß die Gefahr eines Zusammenstoßes naheliegt, muß er dies berücksichtigen (BGH in VRS 11 107· 13 250· 16 r/f.' 438 ebenfalls für das Überholen).
Die Fahrweise der Gegenfahrzeuge muß er daher sorgfältig beobachten (BGH in VRS 25, 438)."
BGH 9.1.2020_4 StR 324_324_19.docx,"Die Strafkammer ist zu Recht davon ausgegangen, dass der Angeklagte gegen § 6 Satz 1 StVO verstoßen hat, als er mit seinem Pkw trotz Gegenverkehrs den freien Teil der Fahrbahn einer innerörtlichen Straße befuhr, obwohl auf seiner Seite Fahrzeuge geparkt waren und die verbleibende Fahrbahnbreite für zwei sich begegnende Fahrzeuge nicht ausreichte."
HansOLG Bremen 31.10.1962_Ss 113_62.docx,"Er betätigte zunächst seinen linken Fahrtrichtungsanzeiger und begann sodann mit der geringen Geschwindigkeit von 2 bis 4 km/st um den rechts abgestellten Pkw herumzufahren.
Unter diesen Umständen durfte er darauf vertrauen, daß ein Nachfolgender entweder, solange die Kehrmaschine die Durchfahrt auf der 7 m breiten Fahrbahn noch nicht versperrte, an ihr vorbeifahren oder aber rechtzeitig das Ausweichmanöver erkennen und sich darauf einstellen werde (wird ausgeführt).
Darauf, daß das geschehen werde, durfte der Angekl. sich angesichts der von ihm getroffenen Vorkehrungen verlassen, ohne während des weiteren Ausscherens unablässig in den Rückspiegel zu blicken."
KG 02.07.2007_22 U 198_06.docx,"Danach muss der Wartepflichtige vor einer unübersichtlichen Engstelle besonders vorsichtig prüfen, ob das Vorbeifahren den Gegenverkehr behindern würde.
Ist an einer unübersichtlichen Engstelle Gegenverkehr nicht erkennbar, so darf nur mit größter Vorsicht an einem Hindernis unter Benutzung der Gegenfahrbahn vorbeigefahren werden, unter Umständen ist Schrittgeschwindigkeit einzuhalten, so dass bei Auftauchen eines entgegenkommenden Fahrzeuges sofort angehalten werden kann, d.h. wenn beim Vorbeifahren am Hindernis an unübersichtlicher Stelle jederzeit Gegenverkehr auftauchen kann, so muss der Vorbeifahrende sofort anhalten oder die Gegenfahrbahn räumen können (vgl. Hentschel, Straßenverkehrsrecht, 37. Auflage, § 6 StVO Rdnr. 4 m.w. Nachw.)."
KG Berlin 20.9.2010_12 U 216_09.docx,"Der bei dem Vorbeifahren an haltenden Fahrzeugen einzuhaltende ausreichende Sicherheitsabstand beträgt - anders als von den Beklagten mit der Berufung geltend gemacht - zwar nicht stets mindestens 1 m, sondern lediglich im Grundsatz; er hängt im Zweifel von den Umständen des Einzelfalles, insbesondere den Straßenverhältnissen ab (vgl. Senat, 12 U 480/94, VersR 1997, 73 = VRS 91, 465 ff; Heß in Burmann/Heß/Jahnke/Janker, aaO, § 6, Rn. 6)."
KG Berlin_26.06.1995_12_U_480-94.docx,"Wer an parkenden Fahrzeugen vorbeifahren will, muß zurückstehen, dies sogar dann, wenn er hierbei die Gegenfahrbahn nicht mitbenutzen muß, aber mit Gegenverkehr zu rechnen hat, der sich vermutlich oder bereits erkennbar nicht scharf rechts hält und die Mittellinie berührt (OLG Celle VersR 1980, 772; Jagusch/ Hentschel, 33. Aufl., § 6 StVO Rdnr. 3).
Für den zu der Reihe der parkenden Fahrzeuge einzuhaltenden Sicherheitsabstand, der im Regelfall 1 m beträgt, genügen bei außergewöhnlichen Straßenverhältnissen, insbesondere einer schmalen Straße, 0,50 m (Senat, Urteil vom 13. Oktober 1994 – 12 U 2704/92 –; Urteil vom 11. Dezember 1989 – 12 U 78/89 –; Jagusch/Hentschel, 33. Aufl., § 2 StVO Rdnr. 41 und § 6 StVO Rdnr. 11; nach OLG Hamm NZV 1993, 27: auch weniger als 50 cm bei sehr schmaler Straße)."
LG Ansbach 02.11.2977 2_O_766-77.docx,"Nach dieser Vorschrift muß zwar derjenige, der an einem haltenden Fahrzeug links vorbeifahren will, entgegenkommende Fahrzeuge durchfahren lassen, eine Verletzung dieser Vorschrift liegt jedoch nur dann vor, wenn durch das haltende Fahrzeug eine Engstelle gebildet wird, so daß der Gegenverkehr durch das vorbeifahrende Fahrzeug behindert würde."
LG Arnsberg_02.08.2017_I-3_S_198-16.docx,"Zwar gibt es zum Seitenabstand beim Passieren eines parkenden Fahrzeugs keine starren Regeln (vgl. Hentschel, Straßenverkehrsrecht, § 6 StVO, Rdnr. 11).
Regelmäßig dürfte aber von etwa 1 Meter auszugehen sein."
LG Berlin 05.12.2013_42 S 48_13.docx,"Dazu gehört, dass er bei der Annäherung an die Engstelle die eigene Geschwindigkeit in ausreichendem Maße herabsetzt und beobachtet, ob nicht Gegenverkehr herannaht."
LG Bielefeld 9.11.2015_8 O 281_14.docx,"An rechts parkenden, ersichtlich leeren Fahrzeugen darf auch mit weniger als 1 m seitlichem Abstand vorbeigefahren werden."
LG Hagen 22.11.2002_1 S 152_02.docx,"Demgegenüber kann sich die Klägerin auch nicht darauf berufen, §§ 6 bzw. 1 Abs. 2 StVO beinhalteten auch das Gebot, eine Engstelle zügig zu räumen.
Ein solches Verhalten ist nur dann geboten, wenn eine Gefährdung entgegen kommender Verkehrsteilnehmer ausgeschlossen ist."
LG Hagen Westfalen 20.12.2017_3 S 46_17.docx,"Allerdings wird in der obergerichtlichen Rechtsprechung regelmäßig ein Sicherheitsabstand von mehr als einem halben Meter für ausreichend erachtet, wenn es sich bei dem stehenden Hindernis, wie hier, um einen Pkw handelt (KG Berlin, Beschluss vom 30.07.2009, Az. 12 U 175/08; Urteil vom 24.11.2005, Az. 12 U 151/04; OLG Karlsruhe, Urteil vom 08.09.2006, Az. 4 U 158/05; OLG Hamburg, Urteil vom 05.12.1972, Az. 7 U 32/72)."
LG Hamburg 26.09.2008 306_O_222_07.docx,"Zwar ist die Erkennbarkeit des Gegenverkehrs Grundvoraussetzung für die Begründung der Wartepflicht aus § 6 StVO, diese Grundvoraussetzung ist im vorliegenden Fall nach dem Ergebnis der Beweisaufnahme indes erfüllt."
LG Hamburg v. 12.03.2018 - 331 S 25_17.docx,"Er ist der Wartepflichtige, der in besonderem Maße zur Vorsicht verpflichtet ist.
Dazu gehört, dass er bei der Annäherung an die Engstelle die eigene Geschwindigkeit im ausreichenden Maße herabsetzt und beobachtet, ob nicht Gegenverkehr herannaht (KG Urteil vom 02.07.2017, ZFS 2008, 12)."
LG Karlsruhe 21.07.1977_2_O_138-77.docx,"Eine Verpflichtung, ein Linksvorbeifahren immer dann zu unterlassen, wenn nicht ausgeschlossen werden kann, daß während der Vorbeifahrt ein entgegenkommendes Fahrzeug auftaucht und dieses dann in der freien Weiterfahrt beeinträchtigt wird, ist dem § 6 StVO dagegen nicht zu entnehmen (Bayr ObLG VRS 45, 64; Mühlhaus, StVO, 5. Aufl, § 6 Rdn 2)."
LG Karlsruhe 24.02.2011_1 S 129_10.docx,"Im Übrigen ist es zwar so, dass jemand, der bei schmalen Verhältnissen unter Nichteinhaltung des Seitenabstands an einem haltenden Bus vorbeifährt, mit sofortiger Anhaltemöglichkeit fahren muss (Hentschel/König/Dauer, Straßenverkehrsrecht, 40. Aufl. 2009, § 520 Rn 9)."
LG Muenster 6.10.2010_06 S 60_10.docx,"Im Zweifel ist der Seitenabstand groß zu nehmen oder zu warten (Hentschel u. a., 40. Auflage § 6 StVO Rn. 11)."
LG Nuernberg-Fuerth 27.02.2019_2 O 3466_17.docx,"Von einem Idealfahrer wäre jedoch zu erwarten, dass er sich - insbesondere in unmittelbarer Nähe einer Kreuzung - zum nächstmöglichen Punkt wieder nach rechts orientiert."
LG Rottweil 28.9.2016_1 S 27_16.docx,"An rechts parkenden, ersichtlich leeren Fahrzeugen darf auch mit weniger als 1 m seitlichem Abstand vorbeigefahren werden."
OLG Celle 21.5.1979_5 U 112_78.docx,"Der von dem Bekl. zu 1) nach § 6 StVO zu beachtende Durchfahrtvorrang des Gegenverkehrs verpflichtete ihn, keinesfalls mehr näher an die Mittellinie heranzufahren, wenn sich aus der Gegenrichtung schon ein anderes Fahrzeug an oder sogar zum Teil jenseits der Mittellinie näherte.
Die Wartepflicht desjenigen, der an einem auf seiner Fahrbahnhälfte befindlichen Hindernis vorbeifahren muß, gilt nämlich auch gegenüber dem Gegenverkehr, der zum Teil die eigene Fahrbahnhälfte des an der Vorbeifahrt Behinderten in Anspruch nimmt (vgl. BGH VRS 27, 35f.)."
OLG Celle 4.12.2019_14 U 127_19.docx,"An rechts parkenden, ersichtlich leeren Fahrzeugen wird auch mit weniger als 1 m seitlichem Abstand vorbeigefahren werden dürfen, anders aber auf breiter Fahrbahn ohne Gegenverkehr."
OLG Celle 6.11.2018_14_U_61-18.docx,"Auch zu geparkten Fahrzeugen ist ein situationsabhängiger Seitenabstand einzuhalten, der in der Regel etwa einen Meter beträgt (OLG Düsseldorf, Urteil vom 11. Mai 2005 - I-1 U 158/03 -, Rn. 70, juris)."
OLG Duesseldorf 22.07.2014 I-1_U_152-13.docx,"Eine Engstelle im Sinne von § 6 StVO besteht lediglich, wenn am Hindernis nur links vorbeigefahren werden kann und dabei für unbehinderten Gegenverkehr kein Raum bleibt (Heß in: Burmann/Heß/Jahnke/Janker, Straßenverkehrsrecht, 23. Aufl. 2014, § 6 StVO Rn. 2; OLG Karlsruhe DAR 2004, 648; OLG Schleswig, VersR 1982, 1106).
§ 6 StVO betrifft somit nicht die vorliegende Verkehrssituation, in welcher die rechte von zwei Richtungsfahrbahnen durch ein Hindernis blockiert ist."
OLG Duesseldorf 22.09.2003 I-1_U_230-02.docx,"Denn § 6 StVO will jeden Anreiz zur Beschleunigung vor vorübergehenden Hindernissen ausschließen.
Vorrang hat der Gegenverkehr vielmehr schon, wenn er am zügigen, wenn auch notfalls angepasst langsamen Durchfahren nennenswert gehindert wäre.
Der Wartepflichtige muss warten, wenn der Gegenverkehr sonst nennenswert verlangsamen oder erst Gewissheit darüber abwarten müsste, ob sein Vorrang beachtet wird.
Den Vorrang nach § 6 StVO hat der bei Beginn der Vorbeifahrt bereits sichtbare Gegenverkehr (Senat, Urteil vom 16. Juni 1997, Aktenzeichen 1 U 47/96; OLG Schleswig OLGR 1996, 210)."
OLG Duesseldorf 26.6.2012_1 U 149_11.docx,"Beim Vorbeifahren an haltenden Fahrzeugen bzw. zum rechten Fahrbahnrand ist ein ausreichender Seitenabstand einzuhalten, dessen Größe sich nach den Umständen des Einzelfalls richtet.
Der regelmäßig verlangte Mindestabstand beträgt 1 m (Hentschel/König, a.a.O., § 2, Rn. 35, § 6, Rn. 11).
An rechts parkenden, ersichtlich leeren Fahrzeugen darf auch mit weniger als 1 m seitlichem Abstand vorbeigefahren werden (Hentschel/König, a.a.O., § 6 StVO, Rn. 11)."
OLG Duesseldorf 7.6.2022_1 U 222_20.docx,"Auch beim Vorbeifahren an haltenden Fahrzeugen ist ein ausreichender Seitenabstand einzuhalten, dessen Größe sich nach den Umständen des Einzelfalls richtet (Burmann/Heß/Hühnermann/Jahnke/Heß, StVO, 27. Aufl., § 6 Rn. 6).
Je nach dem, an welchem Hindernis vorbeigefahren wird, muss der Fahrer den entsprechend nötigen Sicherheitsabstand einhalten.
Als Richtschnur wird ein Abstand von einem Meter herangezogen, der in Ausnahmefällen unterschritten werden kann, in vielen Fällen aber überschritten werden muss (Münchener Kommentar zum StVR/Bender, § 6 StVO Rn. 7).
Sodann hätte er unter Einhaltung eines Sicherheitsabstandes von etwa einem Meter an dem Beklagtenfahrzeug vorbeifahren müssen.
Wird der Gegenverkehr nicht behindert, darf der Vorbeifahrende beim Ausweichen die ununterbrochene Fahrstreifenbegrenzung (Zeichen 295) überfahren, wenn er anderenfalls die Verengung nicht passieren kann (Helle, in: Freymann/Wellner, jurisPK-Straßenverkehrsrecht, 2. Aufl., § 6 StVO, Stand: 01.12.2021, Rn. 14)."
OLG Hamm 09.09.1963 6 U 60_93.docx,"Danach ist derjenige, der an unübersichtlicher Stelle bei der Vorbeifahrt an einem Hindernis einem möglicherweise auftauchenden Gegenverkehr nicht genügend Platz zur Durchfahrt freilassen kann, verpflichtet, das Hindernis mit einer Geschwindigkeit zu umfahren, die ihm beim Auftauchen von Gegenverkehr ein sofortiges Anhalten gestattet (vgl. dazu u.a. BayObLG, VRS 45, 65; Jagusch/Hentschel, StraßenverkehrsR, 32. Aufl., § 6 StVO Rdnr. 4).
Deshalb wäre der Bekl. zu 1) verpflichtet gewesen, so langsam in den Engpaß hineinzufahren, daß er jederzeit hätte anhalten können oder zwischen den zwei parkenden Fahrzeugen wieder auf die rechte Fahrbahnseite hätte herüberwechseln können."
OLG Hamm 15.6.1970_4 Ss 143_70.docx,"Liegen die konkreten Verkehrsverhältnisse so, daß in der Zeit, die zur Durchführung des Fahrmanövers erforderlich ist, mit Gegenverkehr gerechnet werden muß, so hat ein Kraft-fahrzeugführer Warnzeichen abzugeben, da er sonst nicht alles unternimmt, um eine Gefährdung anderer auszuschließen."
OLG Hamm 18.08.1976 3_Ss_OWi_624_76.docx,"Die vom BGH aufgestellte Regel wurde jedoch von der Rechtsprechung bereits zur Zeit der Geltung der StVO aF für den Fall für nicht anwendbar erachtet, daß die Straßenverengung nur durch abgestellte Fahrzeuge oder sonstige Hindernisse auf einer Fahrbahnseite verursacht, die andere Seite hingegen für den entgegenkommenden Verkehr frei ist.
Für diesen Fall wurde der Verkehrsteilnehmer auf der freien Fahrbahn für bevorrechtigt angesehen.
Dann habe dasjenige Fahrzeug, dessen Durchfahrt nur unter Inanspruchnahme der Fahrbahn des anderen Verkehrsteilnehmers erfolgen könne, diesem die Vorfahrt einzuräumen (so OLG Bremen DAR 1957, 363 und OLG Düsseldorf VRS 21, 304).
Dieser Rechtsgrundsatz muß, nach dem § 6 StVO nF für den Fall der vorübergehenden einseitigen Verengung der Fahrbahn durch ein Hindernis den Vorrang derjenigen Verkehrsrichtung, deren Fahrstreifen frei ist, ausdrücklich legalisiert hat, erst recht anerkannt werden.
Er ist jedoch aus Gründen der Verkehrssicherheit auf die Fälle zu beschränken, daß ein Verkehrsteilnehmer für die Durchfahrt durch die vorübergehend bestehende Engstelle die für die Gegenrichtung bestimmte Fahrspur eindeutig nicht in Anspruch zu nehmen braucht.
Nur derjenige, der an einer solchen Engstelle zweifelsfrei ohne Inanspruchnahme der Gegenfahrbahn durchfahren kann, ist dem Gegenverkehr, der zum Passieren der Engstelle die Gegenfahrbahn mitbenutzen muß, gegenüber bevorrechtigt; im Zweifelsfall muß eine Verständigung der beteiligten Fahrzeugführer vor der Durchfahrt erfolgen.
Dann stand ihm jedoch gegenüber dem Zeugen ... das Vorrecht zu; er durfte die Engstelle zuerst passieren und war - entgegen der Ansicht des Amtsgerichts - nicht verpflichtet, sich vor der Durchfahrt mit dem Zeugen ... zu verständigen und über die Reihenfolge der Durchfahrt zu einigen."
OLG Hamm 27.11.1991_3 U 46_90.docx,"Ein Sicherheitsabstand von 0,5 - 1 m - wie er im Regelfall von der Rspr. gefordert wird - konnte von dem Bekl. zu 2) nicht eingehalten werden, weil er andernfalls nach den Feststellungen des Sachverständigen B. seine Fahrspur nach links hin hätte verlassen müssen, was wegen des unstreitig auf beiden Fahrspuren herrschenden dichten Feierabendverkehrs nicht möglich war."
OLG Karlsruhe 09.12.1988_10 U 144_88.docx,"Danach muß, wer an einem haltenden Fahrzeug auf der Fahrbahn links vorbei will, entgegenkommende Fahrzeuge durchfahren lassen.
Diese Wartepflicht besteht nicht erst, wenn der Gegenverkehr tatsächlich behindert wird, sondern bereits bei der naheliegenden Möglichkeit, daß es zu Behinderungen des Gegenverkehrs kommen kann, also insbesondere dann, wenn man Gegenverkehr herannahen sieht.
Nach dem Ergebnis der Beweisaufnahme steht fest, daß die Erstbekl. unmittelbar hinter dem Fahrzeug der Zeugin H. und einem dieser vorausfahrenden weiteren Fahrzeug herfuhr, anstatt zunächst abzuwarten, bis diese Fahrzeuge den haltenden Lastzug passiert hatten, um dann vollen Einblick auf die Gegenfahrbahn zu gewinnen.
Hätte sie sich so verhalten, so hätte sie das entgegenkommende Fahrzeug der Zeugin K. und auch das vom Kl. geführte Fahrzeug wahrnehmen können, da die Sichtverhältnisse geradeaus bis zur nächsten Kurve ca. 150 bis 200 m betragen."
OLG Karlsruhe 14.05.2004_10 U 214_03.docx,"Die Vorschrift des § 6 StVO greift nur dann ein, wenn kumulativ (nicht alternativ) ein – vorübergehendes – Hindernis die Fahrbahn so verengt, dass die Benutzung der Gegenfahrbahn erforderlich wird, und wenn links von dem Hindernis so wenig Platz verbleibt, dass sich begegnende Fahrzeuge die Engstelle nicht gleichzeitig passieren können.
Dagegen ist § 6 StVO nicht anwendbar, wenn für ein gleichzeitiges Durchfahren der Engstelle durch zwei sich begegnende Kfz genügend Raum verbleibt (h.M., vgl. nur OLG, DAR 80,187; OLG Schleswig VersR 82, 1106; OLG Köln in Cramer, StVE § 6 StVO Nr. 3; OLG Karlsruhe 10 U 280/99)."
OLG Karlsruhe 28.11.1997_10_U_167-97.docx,"Solange Gegenverkehr nicht erkennbar war, durfte der Drittwiderbeklagte mit dem Bus der Klägerin zum Passieren der Erstunfallstelle auf die Gegenfahrbahn wechseln (OLG Bamberg VersR 1982, 583; OLG Schleswig OLGR 1995, 18, 19; OLG Schleswig OLGR 1996, 210); er mußte dort Schrittgeschwindigkeit einhalten und beim Auftauchen von Gegenverkehr - sofern ihm ein rechtzeitiges Räumen der Engstelle nicht möglich war (vgl. OLG Koblenz NZV 1993, 195 und OLG Schleswig OLGR 1995, 18, 19) - sofort anhalten, um den entgegenkommenden Fahrzeugen die volle Sichtstrecke als Anhalteweg zu überlassen (OLG Bamberg VersR 1982, 583; OLG Schleswig OLGR 1995, 18, 19)."
OLG Koblenz 03.08.1992 - 12_U_1034-91.docx,"Wie der Sachverständige H. in seinem Gutachten vom 17. Mai 1991 (Bl. 91 ff. d. A.) überzeugend dargelegt hat, hätte der Beklagte dann, wenn er seine Fahrt an den parkenden Fahrzeugen vorbei fortgesetzt hätte, die Engstelle in der Zeit, die er auch zum Anhalten benötigte, räumen und den Engpaß zur Durchfahrt des Klägers freimachen können.
Er mußte nämlich nach § 6 StVO möglichst dafür sorgen, daß ihm entgegenkommender Fahrzeugverkehr durchfahren konnte."
OLG Koblenz 07.11.2005_12 U 1240_04.docx,"Das langsame Vorbeifahren hätte gerade Gelegenheit zur rechtzeitigen Reaktion bieten sollen, die indes ausgeblieben ist.
Damit kann in dem langsamen Fahren allein keine sachgerechte Verhaltensweise gesehen werden, die schon für sich genommen ein Mitverschulden ausschlösse.
Bei dieser Sachlage trifft die Kl. vielmehr ein Mitverschulden, das auch ins Gewicht fällt, weil sie sich in der uneinsehbaren Kurve auf der Gegenfahrspur bewegt hat.
Wer an unübersichtlichen Stellen an einem Hindernis vorbeifahren will, muss jederzeit mit Gegenverkehr rechnen und sich darauf einstellen, sofort anhalten, ausweichen oder die Gegenfahrbahn räumen zu können (KG VersR 1996, 1547, 1548).
Das hat die Kl. nicht beachtet.
Bei einem unverzüglichen Abbremsen auf den ersten Sichtkontakt hätte sie nach dem Gutachten des Sachverständigen Dr. B. den Unfall verhindern können.
Das hat sie aber nicht getan.
Außerdem hat sie kein Ausweichmanöver durchgeführt.
Die Kl. hat den Unfall mitverschuldet.
Ein Kraftfahrer darf allerdings auch in einer unübersichtlichen Kurve an einem dort haltenden Fahrzeug unter Benützung der Gegenfahrbahn vorbeifahren, jedoch nur dann, wenn er dabei die nach den gegebenen Umständen gebotene besondere Vorsicht beachtet (BayObLG VRS 58 [1980], 450 f.)."
OLG Koeln 09.12.1992 - 11 U 165_92.docx,"Der Beklagte mußte jedoch, als der Wagen des Klägers sichtbar wurde, das Vorbeifahren zügig beenden und vor dem haltenden Fahrzeug einschwenken."
OLG Koeln 10.7.2014_I-19 U 57_14.docx,"Der fließende Verkehr muss beim Vorbeifahren nicht mit einem plötzlichen weiträumigen Öffnen von Fahrzeugtüren rechnen, sondern allenfalls mit einem zur Rückschau genügenden Öffnen eines Türspalts, falls das Fahrzeug nicht zweifelsfrei leer ist.
Der beim Vorbeifahren einzuhaltende Seitenabstand darf nach den Umständen des Einzelfalles durchaus geringer sein als der beim Überholen und bei der Begegnung regelmäßig verlangte Mindestabstand von 1 m.(Rn.8)"
OLG Koeln 19.8.2009 I-16_U_80-08.docx,"In einem solchen Fall richten sich die beiderseitigen Verhaltenspflichten nach den §§ 1 Abs. 2, 2 StVO; § 6 StVO greift nur dann ein, wenn ein Hindernis die Fahrbahn derart versperrt, dass rechts von dem Hindernis ein Vorbeifahren unmöglich ist und links so wenig Platz verbleibt, dass sich begegnende Fahrzeuge die Engstelle nicht gleichzeitig passieren können (OLG Karlsruhe, VersR 2005, 1597 m. w. N.)."
OLG Koeln 4.7.1961_Ss 84_61.docx,Mit einem Durchfahren der verbliebenen Lücke zwischen dem Hindernis und den in Gegenverkehr fahrenden Fahrzeugen durch Zweiradfahrzeuge hat der Haltende daher stets zu rechnen.
OLG Koeln 6.7.1971_Ss OWi 81_71.docx,"Vom Nachfolgeverkehr ist in solchen Fällen der Grundsatz zu beachten, daß derjenige zuerst das Hindernis nach dem Wiederfrei-werden vom Gegenverkehr umfahren und dazu seine Fahrspur nach links verlegen darf, der ihm bei Erscheinen des Gegenverkehrs am nächsten war und am nächsten von ihm (vorübergehend) angehalten hat (vgl BGH in VRS 17, 331, Mühlhaus, Anm 5a zu § 10 StVO - alt - mit weiteren Nachweisen), Nimmt der Nachfolgefahrzeugführer wahr oder kann er bei gebotener Aufmerksamkeit und nach der Art der Straßenführung beobachten, daß Vorderfahrzeuge aus einem derartigen Grunde anhalten, so muß er sie vor ihm wiederanfahren und die Enge durchfahren lassen, auch wenn er selbst noch so weit entfernt ist, daß er wegen des Gegenfahrzeugs nicht mehr anhalten mußte und in zügiger Fahrt aus der Tiefe herannäht; denn es gibt kein Vorrecht des Schnelleren zum Überholgen oder Vorbeifahren.
Hält jemand vor einem durch ein Parkfahrzeug rechts - und dasselbe gilt hinsichtlich der Rücksichtnahme auf den Nachfolgeverkehr für eine Enge wegen beiderseitiger Parkfahrzeuge - gebildeten Hindernis an, um den Gegenverkehr durchzulassen, so hat schon die Rechtsprechung zum Tatzeitrecht aus § 1 StVO (alt) die Pflicht hergeleitet, vor dem Wiederanfahren und Linkseinscheren zum Vorbeifahren an dem Hindernis nach dessen Passiertwerden durch das Gegenfahrzeug nach hinten zu beobachten und sich durch einen Blick in den Seiten- und Rückspiegel oder - soweit dichtauf haltende Nachfolgefahrzeuge dadurch keinen ausreichenden Rückblick zulassen - durch Zurückschauen aus dem Wagenfenster darüber zu vergewissern, daß inzwischen kein Nachfolgefahrzeug im Überholen begriffen ist (vgl Senatsentscheidung in DAR 1962, 20, Mühlhaus, 1. Aufl, Anm 6c zu §1, 3a, 5b, S 214, zu § 10 StVO; Cramer, Rdn 15 zu § 6 StVO - neu - mit weiteren Nachweisen)."
OLG Köln 22.03.1977_Ss 50_77.docx,"Ist dies jedoch der Fall, müssen sich einander begegnende Fahrzeuge in den zur Verfügung stehenden Raum teilen.
Der an dem Hindernis Vorbeifahrende darf dabei auch die Gegenfahrbahn benutzen (BayObLG in DAR 1965, 81; 1969, 109; VerkM 1973, 73; Möhl-Rüth, 1973, Rdn 5 zu § 6 StVO)."
OLG Rostock 27.5.2011_5 U 183_10.docx,"Bei Vorbeifahren an haltenden Fahrzeugen ist ausreichender Seitenabstand einzuhalten.
Bei sehr schmaler Straße können u.U. weniger als 50 cm Abstand vom parkenden Fahrzeug genügen (Hentschel/König/Dauer, Straßenverkehrsrecht, 41. Aufl., Rdn. 7 zu § 6 StVO).
Hier reichte der Abstand nicht aus.
Der von dem Fahrer des klägerischen Fahrzeuges eingehaltene Seitenabstand war viel zu gering, da er an dem Reifen des Beklagtenfahrzeuges entlanggeschrammt ist."
OLG Saarbruecken 01.12.2016_4 U 109_15.docx,"§ 6 StVO enthält keine den Überholverboten im Sinne von § 5 StVO entsprechende „Vorbeifahrverbote“, da sonst der Verkehr nicht mehr fließen würde (MünchKomm-StVR/Bender, a. a. O. § 6 Rn. 2).
Daher hindert selbst ein etwaiges Überholverbot die Vorbeifahrt nicht und ist diese auch bei einer unklaren Verkehrslage (unter besonderer Berücksichtigung des Vorrangs entgegenkommender Fahrzeuge) zulässig (OLG Karlsruhe DAR 1989, 106; Heß in Burmann/Heß/Hühnermann/Jahnke/Janker, a. a. O. § 6 StVO Rn. 3; MünchKomm-StVR/Bender, a. a. O. § 6 Rn. 3).
Hierzu hat das Landgericht nach Durchführung der Beweisaufnahme überzeugend ausgeführt, dass selbst bei Zugrundelegung eines Vorbeifahrens (§ 6 StVO) und nicht eines Überholens (§ 5 StVO) im Rahmen des § 1 StVO jedenfalls die Sorgfaltsanforderungen des § 5 Abs. 3 StVO sinngemäß zu gelten haben."
OLG Saarbruecken 13.12.1978_3 U 34_78.docx,"Da sie, um an dem parkenden Wagen vorbeizufahren, nach links ausscheren mußte, hätte sie schon vor dem Einfahren in den Engpaß neben dem parkenden Wagen ihre Geschwindigkeit deutlich herabsetzen müssen."
OLG Schleswig-Holstein 19.07.1995_9 U 127_94.docx,"Beim Vorbeifahren an einem haltenden Fahrzeug sind geringere Anforderungen zu stellen als beim Überholen.
Im vorliegenden Fall läßt sich nicht feststellen, daß der Beklagte zu 1) die im Verkehr erforderliche Sorgfalt nicht eingehalten hat.
Zwar haben entgegenkommende Fahrzeuge nach § 6 Satz 1 StVO Vorrang; dies setzt aber ihre Erkennbarkeit voraus (vgl. Urteil des Senats vom 18.1.1984 - 9 U 185/82 - MDR 1985, 327)."
OLG Stuttgart 12.6.1964_1 Ss 360_64.docx,"Verengert sich jedoch die Fahrbahn, etwa weil sie schmaler wird oder weil Hindernisse sie zum Teil versperren, so daß in der einen Richtung nur Raum für jeweils ein Fahrzeug oder eine Kolonne bleibt, so müssen die Fahrzeuge, die bis dahin die zweite Fahrspur innehatten, die Fahrzeuge vorlassen, die rechts fahren und nun ausbiegen müssen.
Auch darf der Vorausfahrende im Regelfalle darauf vertrauen, daß nachfolgende Verkehrsteilnehmer Ausweichbewegungen der geschilderten Art in Rechnung stellen.
Sind diese nur geringfügig, wird nicht einmal zu verlangen sein, daß er zurückschaut.
Da der Zeuge W - wenn auch verkehrswidrig — auf bedrohliche Nähe aufgeholt hatte, hätte der Angekl., wäre er seiner Rückschauplicht nachgekommen, sein Vorrecht nicht erzwingen dürfen."
VG Neustadt 20.05.2019_3 K 272_18.docx,"Reicht auch dies nicht aus, so haben beide Fahrzeugführer anzuhalten und sich darüber zu verständigen, welcher von ihnen am stehenden Fahrzeug des anderen in langsamer Fahrt vorbeifährt.
Reicht die Fahrbahnbreite zu einer Vorbeifahrt überhaupt nicht aus, müssen sich die Beteiligten darüber verständigen, wer von ihnen zu einer Ausweichstelle zurückfährt (vgl. Heß, in: Burman/Heß, Hühnermann/Janke, 25. Aufl. 2018, § 2, Rn. 70 f.; Hentschel König/Dauer, 44. Aufl. 2017, § 6 StVO, Rn. 4, Rn. 7 und Rn. 10).
Gemäß §§ 6, 1 i. V. m. § 2 Abs. 1 StVO darf eine Begegnung im fahrenden Verkehr in zügiger Fahrt auf der Fahrbahn nur durchgeführt werden, wenn zwischen den sich begegnenden Fahrzeugen unter Berücksichtigung des notwendigen Abstandes zum rechten Fahrbahnrand ein Sicherheitsabstand von mindestens 1 Meter eingehalten werden kann."
